run_id,row,label,p_featured,agreement,prob,correct,deletion_auc,insertion_auc,background_reliance,background_excess,footprint_fraction
cnn_deep_reg_soft_d4_s128_full_bce_nfull_seed0,225938,1,0.545360803604126,0.0907216183804011,0.4950028955936432,0,1.298141360282898,1.4073965549468994,,,0.4013671875
cnn_deep_reg_soft_d4_s128_full_bce_nfull_seed0,41547,1,0.5208333134651184,0.0416666576121416,0.4134149551391601,0,1.1053438186645508,0.8797352313995361,0.3119436648883327,-0.4976876827679173,0.19036865234375
cnn_deep_reg_soft_d4_s128_full_bce_nfull_seed0,52761,0,0.4550000131130218,0.0900000008940697,0.3918882608413696,1,0.7029557228088379,1.1936856508255005,0.4155179835830164,-0.1901949070419835,0.394287109375
cnn_deep_reg_soft_d4_s128_full_bce_nfull_seed0,122091,0,0.4668117463588714,0.066376517222775,0.2696066200733185,1,1.082145929336548,0.9091666340827942,0.0722575123026606,-0.6260457103535894,0.30169677734375
cnn_deep_reg_soft_d4_s128_full_bce_nfull_seed0,80469,0,0.4736841917037964,0.0526315921561542,0.373418778181076,1,1.2272173166275024,0.8746663331985474,0.0929845671224419,-0.4748865266275581,0.43212890625
cnn_deep_reg_soft_d4_s128_full_bce_nfull_seed0,172684,0,0.4359999895095825,0.1280000209808349,0.4973144233226776,1,1.2751471996307373,1.3587344884872437,,,0.44451904296875
cnn_deep_reg_soft_d4_s128_full_bce_nfull_seed0,140552,0,0.4189999997615814,0.1619999755024902,0.3220046460628509,1,1.0404452085494995,1.1965677738189695,1.0,0.50799560546875,0.50799560546875
cnn_deep_reg_soft_d4_s128_full_bce_nfull_seed0,52768,0,0.4440000057220459,0.1119999885559082,0.4633693099021911,1,1.052385926246643,1.0351557731628418,0.0512941994270025,-0.5868283591667475,0.36187744140625
cnn_deep_reg_soft_d4_s128_full_bce_nfull_seed0,203419,0,0.4410000145435333,0.1179999971985817,0.4265566170215606,1,0.9285555481910706,1.2133649587631226,0.0,-0.62646484375,0.37353515625
cnn_deep_reg_soft_d4_s128_full_bce_nfull_seed0,140238,0,0.4475138187408447,0.1049723742351053,0.2083795219659805,1,0.5958645939826965,0.9394274353981018,0.0524174412280504,-0.4122432033031996,0.53533935546875
cnn_deep_reg_soft_d4_s128_full_bce_nfull_seed0,132494,1,0.5224660634994507,0.044932093212074,0.462053507566452,0,1.1587659120559692,0.9390267133712769,0.0264629929830716,-0.6144671827981782,0.35906982421875
cnn_deep_reg_soft_d4_s128_full_bce_nfull_seed0,230219,0,0.4047131240367889,0.1905737328859932,0.3318824470043182,1,1.140467643737793,0.9459295868873596,0.4030717993616949,-0.3771406029820551,0.21978759765625
cnn_deep_reg_soft_d4_s128_full_bce_nfull_seed0,194902,1,0.5740000009536743,0.1480000019073486,0.6703583002090454,1,0.6333059072494507,0.6449697613716125,,,0.2723388671875
cnn_deep_reg_soft_d4_s128_full_bce_nfull_seed0,171718,1,0.5899053812026978,0.1798107342515249,0.5645673274993896,1,0.6979888081550598,0.6408519744873047,0.0,-0.6943359375,0.3056640625
cnn_deep_reg_soft_d4_s128_full_bce_nfull_seed0,85587,0,0.4445617794990539,0.1108764689680731,0.3162823915481567,1,0.6546137928962708,1.008134365081787,0.2390784978364234,-0.2166710138823265,0.54425048828125
cnn_deep_reg_soft_d4_s128_full_bce_nfull_seed0,159383,1,0.523857831954956,0.0477156973372909,0.7282277345657349,1,0.6492244601249695,0.5169975757598877,,,0.44866943359375
cnn_deep_reg_soft_d4_s128_full_bce_nfull_seed0,183242,0,0.4120000004768371,0.1759999990463258,0.6626226902008057,0,0.6414703726768494,0.5573714375495911,,,0.36737060546875
cnn_deep_reg_soft_d4_s128_full_bce_nfull_seed0,162015,1,0.5669999718666077,0.1339999775290483,0.6148595809936523,1,0.6748666167259216,0.5761153101921082,,,0.3890380859375
cnn_deep_reg_soft_d4_s128_full_bce_nfull_seed0,227538,1,0.5368852615356445,0.073770490051261,0.7815821766853333,1,0.5731659531593323,0.6430647969245911,,,0.2353515625
cnn_deep_reg_soft_d4_s128_full_bce_nfull_seed0,126108,0,0.4709999859333038,0.0580000000596047,0.6197800040245056,0,0.6276955604553223,0.6380521059036255,0.0,-0.46343994140625,0.53656005859375
cnn_deep_reg_soft_d4_s128_full_bce_nfull_seed0,201797,0,0.44200000166893,0.1160000230073923,0.4690712094306946,1,1.2398455142974854,1.3404080867767334,,,0.51025390625
cnn_deep_reg_soft_d4_s128_full_bce_nfull_seed0,219285,0,0.4882292747497558,0.0235414554270732,0.4232734739780426,1,0.9593433141708374,1.152379035949707,0.0005352151024208,-0.6462543356788292,0.35321044921875
cnn_deep_reg_soft_d4_s128_full_bce_nfull_seed0,196582,1,0.545547604560852,0.0910951758672566,0.5281776189804077,1,0.7186031937599182,0.639686107635498,,,0.2794189453125
cnn_deep_reg_soft_d4_s128_full_bce_nfull_seed0,103834,1,0.5499463081359863,0.0998926124078107,0.5654942393302917,1,0.7386898398399353,0.5042327046394348,0.9686391806551264,0.2919424033113763,0.32330322265625
cnn_deep_reg_soft_d4_s128_full_bce_nfull_seed0,60679,0,0.4053426086902618,0.1893147636373051,0.2227144241333007,1,0.722744345664978,1.1156530380249023,0.292945184025516,-0.2940299136307339,0.41302490234375
cnn_deep_reg_soft_d4_s128_full_bce_nfull_seed0,153579,1,0.5334029197692871,0.0668058271319043,0.5568302273750305,1,0.7714571952819824,0.5406859517097473,,,0.36944580078125
cnn_deep_reg_soft_d4_s128_full_bce_nfull_seed0,179564,1,0.5120000243186951,0.0240000181198114,0.564812421798706,1,0.7526999115943909,0.9121997356414796,0.0428371431105383,-0.5691623686082117,0.38800048828125
cnn_deep_reg_soft_d4_s128_full_bce_nfull_seed0,163624,1,0.5880535244941711,0.176107081863666,0.5235533714294434,1,0.7020161747932434,1.108834147453308,0.4353508587600658,-0.2920050982711842,0.27264404296875
cnn_deep_reg_soft_d4_s128_full_bce_nfull_seed0,82778,0,0.4565883576869964,0.0868232974038282,0.3499839901924133,1,1.0510282516479492,1.1916131973266602,0.9999998952262128,0.3158568288199629,0.31585693359375
cnn_deep_reg_soft_d4_s128_full_bce_nfull_seed0,218776,0,0.4749999940395355,0.0499999836087221,0.6618251204490662,0,0.6721562147140503,0.5464287400245667,,,0.263916015625
cnn_deep_reg_soft_d4_s128_full_bce_nfull_seed0,86932,0,0.4873208403587341,0.0253583261018071,0.6430045962333679,0,0.6673043370246887,0.6543071269989014,0.0078353362396076,-0.5975723786041424,0.39459228515625
cnn_deep_reg_soft_d4_s128_full_bce_nfull_seed0,74986,0,0.4520123600959778,0.095975256383779,0.3808914124965668,1,0.9400585889816284,0.9654228687286376,0.0035802442504108,-0.6220301073120892,0.3743896484375
cnn_deep_reg_soft_d4_s128_full_bce_nfull_seed0,49411,0,0.5,0.0,0.7320563197135925,0,0.607641875743866,0.5758160352706909,,,0.51824951171875
cnn_deep_reg_soft_d4_s128_full_bce_nfull_seed0,173959,0,0.414480596780777,0.1710388360520525,0.4321283102035522,1,1.1541354656219482,0.9636313915252686,0.0,-0.61895751953125,0.38104248046875
cnn_deep_reg_soft_d4_s128_full_bce_nfull_seed0,229659,0,0.4242093861103058,0.1515812423337018,0.1917126923799514,1,0.4984464049339294,1.0270054340362549,0.4659638199570481,0.0293793473007981,0.56341552734375
cnn_deep_reg_soft_d4_s128_full_bce_nfull_seed0,126060,1,0.5099999904632568,0.0199999809265136,0.3582693934440613,0,1.292050004005432,0.9216027855873108,0.4008912190263771,-0.3907347575361229,0.2083740234375
cnn_deep_reg_soft_d4_s128_full_bce_nfull_seed0,184622,1,0.5950000286102295,0.1900000217556947,0.6892005801200867,1,0.6169551610946655,0.5655564069747925,,,0.31732177734375
cnn_deep_reg_soft_d4_s128_full_bce_nfull_seed0,118970,0,0.422152578830719,0.1556948392871596,0.2385380864143371,1,0.9649291038513184,0.8989027142524719,0.1103662818754158,-0.5201268821870841,0.3695068359375
cnn_deep_reg_soft_d4_s128_full_bce_nfull_seed0,139488,0,0.4880000054836273,0.0240000181198114,0.5963504910469055,0,0.7004960179328918,0.5528528690338135,,,0.34442138671875
cnn_deep_reg_soft_d4_s128_full_bce_nfull_seed0,233383,1,0.5419766306877136,0.0839532385401993,0.5908932089805603,1,1.017643928527832,0.8029006123542786,0.110885540991675,-0.348159869164575,0.54095458984375
cnn_deep_reg_soft_d4_s128_full_bce_nfull_seed0,152086,1,0.6575052738189697,0.3150105543068262,0.6341382265090942,1,0.6912912726402283,0.5879627466201782,,,0.36944580078125
cnn_deep_reg_soft_d4_s128_full_bce_nfull_seed0,235880,0,0.3899999856948852,0.2200000286102296,0.30539470911026,1,1.07632315158844,1.1396821737289429,,,0.36981201171875
cnn_deep_reg_soft_d4_s128_full_bce_nfull_seed0,144254,1,0.6898396015167236,0.3796791440441267,0.492123544216156,0,1.3096349239349363,1.404098629951477,,,0.342529296875
cnn_deep_reg_soft_d4_s128_full_bce_nfull_seed0,191895,0,0.3558215498924255,0.2883569266223692,0.2160678058862686,1,0.6004096865653992,0.776098370552063,0.3529908483299438,-0.1685545618263061,0.47845458984375
cnn_deep_reg_soft_d4_s128_full_bce_nfull_seed0,154799,1,0.628000020980835,0.2560000045299528,0.7136534452438354,1,0.6855342388153076,0.5587628483772278,,,0.4588623046875
cnn_deep_reg_soft_d4_s128_full_bce_nfull_seed0,189258,0,0.3589743673801422,0.2820512898888422,0.2683092057704925,1,0.887922465801239,0.8549352288246155,0.2602139008009592,-0.3866366851365408,0.3531494140625
cnn_deep_reg_soft_d4_s128_full_bce_nfull_seed0,209723,1,0.625,0.2500000313049597,0.7041058540344238,1,0.4089774191379547,1.0957993268966677,0.0453435313061229,-0.6459406483813771,0.3087158203125
cnn_deep_reg_soft_d4_s128_full_bce_nfull_seed0,232024,1,0.6392199397087097,0.2784398435426469,0.5914957523345947,1,0.6254263520240784,0.6697522401809692,,,0.22576904296875
cnn_deep_reg_soft_d4_s128_full_bce_nfull_seed0,81843,0,0.3959999978542328,0.2079999806880945,0.2455895394086837,1,0.6733170747756958,0.99089378118515,0.0222559865597162,-0.4468602243777837,0.5308837890625
cnn_deep_reg_soft_d4_s128_full_bce_nfull_seed0,128289,0,0.382999986410141,0.2340000043511392,0.3447861671447754,1,0.7787178754806519,0.9081813097000122,0.3128853770071979,-0.294536497992802,0.392578125
cnn_deep_reg_soft_d4_s128_full_bce_nfull_seed0,157509,1,0.638164758682251,0.2763294974626071,0.8550981879234314,1,0.6414310932159424,0.5393763780593872,,,0.39520263671875
cnn_deep_reg_soft_d4_s128_full_bce_nfull_seed0,170326,1,0.6666666865348816,0.3333333333333332,0.7044776082038879,1,0.6007903814315796,1.0597251653671265,0.6161552733229205,-0.1672919923020794,0.216552734375
cnn_deep_reg_soft_d4_s128_full_bce_nfull_seed0,50836,0,0.4000000059604645,0.2000000119209286,0.7142410278320312,0,0.6303179860115051,0.6165379285812378,,,0.42706298828125
cnn_deep_reg_soft_d4_s128_full_bce_nfull_seed0,29345,0,0.3899999856948852,0.2200000286102296,0.2475271224975586,1,1.0991318225860596,0.8860229253768921,0.1225495611922412,-0.4943937981827587,0.383056640625
cnn_deep_reg_soft_d4_s128_full_bce_nfull_seed0,92005,0,0.3497435748577118,0.3005128353101342,0.2940354943275451,1,1.200896143913269,0.9343762397766112,0.0882244217520273,-0.5439777266854726,0.3677978515625
cnn_deep_reg_soft_d4_s128_full_bce_nfull_seed0,148500,1,0.6050000190734863,0.2100000020861625,0.5427629351615906,1,0.6458937525749207,0.5645159482955933,,,0.39898681640625
cnn_deep_reg_soft_d4_s128_full_bce_nfull_seed0,221100,1,0.643086850643158,0.2861736457655821,0.7386735677719116,1,0.6545947194099426,0.492116779088974,0.9730517350484842,0.2680956803609842,0.2950439453125
cnn_deep_reg_soft_d4_s128_full_bce_nfull_seed0,170353,0,0.3052415251731872,0.3895169702021491,0.1987570822238922,1,0.9204143285751344,0.9475647211074828,0.3192436854869086,-0.2684638340443414,0.41229248046875
cnn_deep_reg_soft_d4_s128_full_bce_nfull_seed0,211899,0,0.3655323684215545,0.2689352372971446,0.4118569195270538,1,1.0345306396484375,1.064348220825195,0.0,-0.71868896484375,0.28131103515625
cnn_deep_reg_soft_d4_s128_full_bce_nfull_seed0,140587,1,0.6969072222709656,0.3938144327362964,0.5904690027236938,1,0.6346527934074402,0.5439015626907349,,,0.37750244140625
cnn_deep_reg_soft_d4_s128_full_bce_nfull_seed0,212461,0,0.3514412641525268,0.2971174975088464,0.7121497392654419,0,0.6390330791473389,0.6942471861839294,,,0.40533447265625
cnn_deep_reg_soft_d4_s128_full_bce_nfull_seed0,97017,0,0.3657786846160888,0.2684426448510412,0.2043945640325546,1,0.6798352003097534,1.0522241592407229,0.6928164759410343,0.2117373743785343,0.5189208984375
cnn_deep_reg_soft_d4_s128_full_bce_nfull_seed0,158870,0,0.3930453062057495,0.2139093629384401,0.4228706359863281,1,1.020439863204956,0.9932381510734558,0.0,-0.55841064453125,0.44158935546875
cnn_deep_reg_soft_d4_s128_full_bce_nfull_seed0,148567,0,0.3108384311199188,0.3783231379224339,0.3519721031188965,1,1.0658658742904663,0.8210045099258423,0.1143770100208261,-0.3517484782604238,0.53387451171875
cnn_deep_reg_soft_d4_s128_full_bce_nfull_seed0,11683,1,0.6729999780654907,0.3459999962449072,0.4905789196491241,0,1.1480236053466797,0.9194191694259644,0.4095163736849445,-0.2890920247525555,0.3013916015625
cnn_deep_reg_soft_d4_s128_full_bce_nfull_seed0,222007,1,0.6289640665054321,0.2579281262524615,0.4757065773010254,0,1.2877631187438965,1.27761971950531,0.0161743158690797,-0.7355346685059203,0.248291015625
cnn_deep_reg_soft_d4_s128_full_bce_nfull_seed0,106399,0,0.3230000138282776,0.3539999723434448,0.4637517631053924,1,1.2429287433624268,1.3364607095718384,,,0.32366943359375
cnn_deep_reg_soft_d4_s128_full_bce_nfull_seed0,163385,0,0.3607800900936126,0.278439843542647,0.2878671288490295,1,0.9797394871711732,0.8666787147521973,0.1043739146904346,-0.5415611439033154,0.35406494140625
cnn_deep_reg_soft_d4_s128_full_bce_nfull_seed0,94339,0,0.3640081882476806,0.2719836164015653,0.393865168094635,1,1.1754461526870728,1.180809736251831,0.0021448934197951,-0.6695470011114548,0.32830810546875
cnn_deep_reg_soft_d4_s128_full_bce_nfull_seed0,209740,0,0.3244353234767914,0.3511293381923154,0.335174411535263,1,0.8682652711868286,0.7439168095588684,0.0880975423958776,-0.4900884927603723,0.42181396484375
cnn_deep_reg_soft_d4_s128_full_bce_nfull_seed0,8340,0,0.3811518251895904,0.2376963610241427,0.4377106428146362,1,0.9024578332901,0.8853444457054138,0.6607028224555807,-0.0006741306694193,0.338623046875
cnn_deep_reg_soft_d4_s128_full_bce_nfull_seed0,115149,1,0.6769999861717224,0.3539999723434448,0.7788861989974976,1,0.5826672315597534,0.548007607460022,,,0.32769775390625
cnn_deep_reg_soft_d4_s128_full_bce_nfull_seed0,45513,0,0.3329907655715942,0.3340184906719342,0.386955976486206,1,1.1358286142349243,1.2782526016235352,,,0.4139404296875
cnn_deep_reg_soft_d4_s128_full_bce_nfull_seed0,221994,0,0.3637327551841736,0.272534489945746,0.3555439710617065,1,1.238349676132202,0.8931906819343567,0.1852745465509422,-0.5395179339178078,0.27520751953125
cnn_deep_reg_soft_d4_s128_full_bce_nfull_seed0,206743,0,0.3409999907016754,0.3179999982714653,0.1659719944000244,1,0.7872707843780518,1.0035260915756226,0.1487100197676275,-0.4235556052323724,0.427734375
cnn_deep_reg_soft_d4_s128_full_bce_nfull_seed0,145834,0,0.3528806567192077,0.2942386959975482,0.4718160331249237,1,1.2353330850601196,1.2433596849441528,,,0.3206787109375
cnn_deep_reg_soft_d4_s128_full_bce_nfull_seed0,204584,0,0.3417190611362457,0.316561852984648,0.5040836334228516,0,0.8678946495056152,0.6481142640113831,0.0,-0.5736083984375,0.4263916015625
cnn_deep_reg_soft_d4_s128_full_bce_nfull_seed0,176741,1,0.6940686702728271,0.3881373545318711,0.6872238516807556,1,0.6923144459724426,0.587641179561615,,,0.41510009765625
cnn_deep_reg_soft_d4_s128_full_bce_nfull_seed0,204704,0,0.3429999947547912,0.3140000104904176,0.4787089824676513,1,1.2337911128997805,0.8841126561164856,0.2037420079019494,-0.5517511561605506,0.2445068359375
cnn_deep_reg_soft_d4_s128_full_bce_nfull_seed0,200699,0,0.3497899174690246,0.3004201751700329,0.4637691378593445,1,0.7471015453338623,0.9967471361160278,0.3812315720255393,-0.1197449904744606,0.4990234375
cnn_deep_reg_soft_d4_s128_full_bce_nfull_seed0,107206,0,0.270000010728836,0.4599999946355823,0.1456151455640792,1,0.8264182209968567,1.0094075202941897,0.0397691883136861,-0.5128431163738139,0.4473876953125
cnn_deep_reg_soft_d4_s128_full_bce_nfull_seed0,32065,1,0.7950000166893005,0.5900000096857547,0.6789514422416687,1,0.6634995937347412,0.5572094917297363,,,0.468017578125
cnn_deep_reg_soft_d4_s128_full_bce_nfull_seed0,44047,0,0.2049999982118606,0.5900000096857547,0.1066590622067451,1,0.7110514640808105,0.9842548370361328,0.3502729421612482,-0.1882402414325018,0.46148681640625
cnn_deep_reg_soft_d4_s128_full_bce_nfull_seed0,129707,0,0.25,0.5,0.2002311646938324,1,0.9010857343673706,0.936272382736206,0.0289463926336042,-0.5406336854913958,0.430419921875
cnn_deep_reg_soft_d4_s128_full_bce_nfull_seed0,191860,1,0.75,0.5,0.8183503150939941,1,0.6148725152015686,0.5575360059738159,,,0.45855712890625
cnn_deep_reg_soft_d4_s128_full_bce_nfull_seed0,183581,0,0.2564102411270141,0.4871794997195831,0.1828311681747436,1,0.8574380278587341,0.9234198331832886,0.2505784841856805,-0.3669141915955695,0.38250732421875
cnn_deep_reg_soft_d4_s128_full_bce_nfull_seed0,12079,0,0.2059732228517532,0.588053559897272,0.2423662543296814,1,1.1212207078933716,0.95378577709198,0.1515125498083523,-0.5333019033166477,0.315185546875
cnn_deep_reg_soft_d4_s128_full_bce_nfull_seed0,126590,1,0.7299577593803406,0.459915577061152,0.7220761179924011,1,0.6409345269203186,0.5183163285255432,,,0.394287109375
cnn_deep_reg_soft_d4_s128_full_bce_nfull_seed0,60519,0,0.2355967164039611,0.5288065668867307,0.3080694377422333,1,1.0262140035629272,1.0323580503463743,0.0578758836169413,-0.6625831007580586,0.279541015625
cnn_deep_reg_soft_d4_s128_full_bce_nfull_seed0,234743,1,0.7903885245323181,0.5807770998223456,0.6605697274208069,1,0.7034112811088562,0.518544614315033,0.8007468349146488,0.0808371669458988,0.28009033203125
cnn_deep_reg_soft_d4_s128_full_bce_nfull_seed0,114956,0,0.210472285747528,0.579055441698342,0.2201848179101944,1,0.7326750755310059,0.9611673951148988,0.5008805001672695,-0.1066024099889805,0.39251708984375
cnn_deep_reg_soft_d4_s128_full_bce_nfull_seed0,81280,0,0.262833684682846,0.4743326276343349,0.1988784670829773,1,1.0303384065628052,0.8869768977165222,0.1442912256391323,-0.5338703954546177,0.32183837890625
cnn_deep_reg_soft_d4_s128_full_bce_nfull_seed0,213387,0,0.2957157790660858,0.4085684696043723,0.3659856915473938,1,0.5493384599685669,1.0641047954559326,0.358520627531682,-0.137451052155818,0.5040283203125
cnn_deep_reg_soft_d4_s128_full_bce_nfull_seed0,174996,0,0.2895277440547943,0.4209445341437934,0.2798839211463928,1,1.1680140495300293,0.9601215124130248,0.2434730537247019,-0.483089446275298,0.2734375
cnn_deep_reg_soft_d4_s128_full_bce_nfull_seed0,105413,0,0.261521965265274,0.4769560572748244,0.2259634584188461,1,0.8193440437316895,0.8700636625289917,0.3072082270305062,-0.3132141362507437,0.37957763671875
cnn_deep_reg_soft_d4_s128_full_bce_nfull_seed0,50211,0,0.2390194088220596,0.5219611912880171,0.2182721495628357,1,0.7560233473777771,0.876447856426239,0.3871900159501747,-0.2306688707685752,0.38214111328125
cnn_deep_reg_soft_d4_s128_full_bce_nfull_seed0,146401,0,0.2184684723615646,0.5630630558065932,0.4191999137401581,1,1.1014572381973269,0.660223662853241,3.513533062818359e-05,-0.6452895717006218,0.35467529296875
cnn_deep_reg_soft_d4_s128_full_bce_nfull_seed0,47750,0,0.2092050313949585,0.5815899455067957,0.1086919158697128,1,0.7372141480445862,0.98400616645813,0.2193222828323229,-0.269203107792677,0.511474609375
cnn_deep_reg_soft_d4_s128_full_bce_nfull_seed0,79124,0,0.2572016417980194,0.4855967093330449,0.219875305891037,1,0.6516999006271362,0.7946240305900574,0.2218132870391803,-0.3010138613983196,0.4771728515625
cnn_deep_reg_soft_d4_s128_full_bce_nfull_seed0,212283,0,0.2588889002799988,0.4822222274100339,0.2139310985803604,1,0.477267861366272,0.983315885066986,0.5364625911938617,-0.1025144595873882,0.36102294921875
cnn_deep_reg_soft_d4_s128_full_bce_nfull_seed0,126260,1,0.7440000176429749,0.4879999909400943,0.8198767900466919,1,0.624286949634552,0.5613203644752502,,,0.32574462890625
cnn_deep_reg_soft_d4_s128_full_bce_nfull_seed0,216424,0,0.2329999953508377,0.5340000162422655,0.2307852953672409,1,1.0529587268829346,0.9052109718322754,0.2645884507141156,-0.4694813735046344,0.26593017578125
cnn_deep_reg_soft_d4_s128_full_bce_nfull_seed0,21388,0,0.2803262174129486,0.4393475788437774,0.2367458790540695,1,1.072312355041504,0.943105399608612,0.3924032270631156,-0.2543863237181344,0.35321044921875
cnn_deep_reg_soft_d4_s128_full_bce_nfull_seed0,98525,1,0.7239999771118164,0.4479999973773956,0.6045343279838562,1,0.6666460037231445,0.4896343648433685,0.0804616535490071,-0.5450876628572429,0.37445068359375
cnn_deep_reg_soft_d4_s128_full_bce_nfull_seed0,202825,0,0.2759358286857605,0.4481283551320063,0.1767972111701965,1,0.6197333335876465,1.0081173181533811,0.3118695554523472,-0.2289019289226528,0.459228515625
cnn_deep_reg_soft_d4_s128_full_bce_nfull_seed0,128755,0,0.2701475620269775,0.4597048758256318,0.1487779170274734,1,0.925299882888794,0.9793795347213744,0.1477833617747091,-0.4342478882252908,0.41796875
cnn_deep_reg_soft_d4_s128_full_bce_nfull_seed0,113778,0,0.2219959199428558,0.5560081543039228,0.2651109099388122,1,0.5068559646606445,0.922476887702942,0.4831154285531564,-0.0629050792593435,0.4539794921875
cnn_deep_reg_soft_d4_s128_full_bce_nfull_seed0,39050,1,0.7730061411857605,0.5460122572261035,0.7729340195655823,1,0.6516513228416443,0.5547749996185303,,,0.41046142578125
cnn_deep_reg_soft_d4_s128_full_bce_nfull_seed0,36794,0,0.2306034564971923,0.5387930942430215,0.3208349049091339,1,0.927976131439209,0.9599016904830932,0.0173970804009214,-0.6259134664740785,0.356689453125
cnn_deep_reg_soft_d4_s128_full_bce_nfull_seed0,43410,1,0.7225077152252197,0.4450154054725332,0.7538130879402161,1,0.6838016510009766,0.5106059312820435,,,0.3218994140625
cnn_deep_reg_soft_d4_s128_full_bce_nfull_seed0,160822,1,0.7179487347602844,0.4358974202223156,0.7105966806411743,1,0.6544488668441772,0.5627083778381348,,,0.5028076171875
cnn_deep_reg_soft_d4_s128_full_bce_nfull_seed0,102409,1,0.7670000195503235,0.5340000162422656,0.861524760723114,1,0.6658715605735779,0.4796909093856811,,,0.3741455078125
cnn_deep_reg_soft_d4_s128_full_bce_nfull_seed0,176318,1,0.75,0.5,0.8401051759719849,1,0.6291214823722839,0.5113654732704163,,,0.38739013671875
cnn_deep_reg_soft_d4_s128_full_bce_nfull_seed0,234508,1,0.7561475038528442,0.5122950613184323,0.6099358201026917,1,1.0006173849105835,0.5966059565544128,0.6959352858607188,-0.0525998703892811,0.25146484375
cnn_deep_reg_soft_d4_s128_full_bce_nfull_seed0,231532,0,0.2890704870223999,0.4218590390902981,0.3143993020057678,1,0.7217903733253479,0.999899923801422,0.4686754005841584,-0.0866834861345915,0.44464111328125
cnn_deep_reg_soft_d4_s128_full_bce_nfull_seed0,16292,0,0.2160168588161468,0.5679662912814565,0.1519082933664322,1,0.6923403739929199,0.9845529198646544,0.3154865662215346,-0.2775310119034654,0.406982421875
cnn_deep_reg_soft_d4_s128_full_bce_nfull_seed0,130002,1,0.7369999885559082,0.4739999771118164,0.3740045428276062,0,0.9119085669517516,0.9303669929504396,0.1334058796072436,-0.6123826946115064,0.25421142578125
cnn_deep_reg_soft_d4_s128_full_bce_nfull_seed0,115592,1,0.7551020383834839,0.5102040946657387,0.7329625487327576,1,0.9199038743972778,0.2530973553657532,0.9362710713410471,0.2653115986847971,0.32904052734375
cnn_deep_reg_soft_d4_s128_full_bce_nfull_seed0,35939,0,0.2930000126361847,0.4139999921917917,0.3311510682106018,1,0.9444882273674012,0.9116190075874328,0.4124965047222767,-0.0805454874652232,0.5069580078125
cnn_deep_reg_soft_d4_s128_full_bce_nfull_seed0,62500,0,0.2770000100135803,0.4459999799728393,0.3107368052005768,1,1.1482670307159424,0.8407925367355347,0.1371752977944409,-0.5771801709555591,0.28564453125
cnn_deep_reg_soft_d4_s128_full_bce_nfull_seed0,226607,1,0.8890074491500854,0.7780149382470121,0.8391170501708984,1,0.6153308153152466,0.5551385283470154,,,0.27496337890625
cnn_deep_reg_soft_d4_s128_full_bce_nfull_seed0,234097,0,0.1188524514436721,0.7622950914781667,0.1427388787269592,1,0.4746483266353607,0.6825792193412781,0.509642691900597,-0.080017952630653,0.41033935546875
cnn_deep_reg_soft_d4_s128_full_bce_nfull_seed0,231396,0,0.1319999992847442,0.7359999935626983,0.0992366299033165,1,0.8510384559631348,0.992293417453766,0.3684307802300328,-0.2377703916449672,0.393798828125
cnn_deep_reg_soft_d4_s128_full_bce_nfull_seed0,61592,0,0.1089999973773956,0.7819999987483025,0.1101005896925926,1,0.8361398577690125,0.8852167725563049,0.5179390408975996,-0.1964164278524004,0.28564453125
cnn_deep_reg_soft_d4_s128_full_bce_nfull_seed0,16262,0,0.1254125386476516,0.7491749219822181,0.1265601962804794,1,0.5027902722358704,0.8108744025230408,0.513266561237041,-0.108742716106709,0.37799072265625
cnn_deep_reg_soft_d4_s128_full_bce_nfull_seed0,22530,0,0.1614401787519455,0.6771196321984984,0.261324793100357,1,0.8627763390541077,1.0406372547149658,0.2010538690888405,-0.3850667363799094,0.41387939453125
cnn_deep_reg_soft_d4_s128_full_bce_nfull_seed0,84749,0,0.1085271313786506,0.7829457432139342,0.088589146733284,1,0.8139587640762329,0.9996005296707152,0.3044787312438545,-0.2885388468811455,0.406982421875
cnn_deep_reg_soft_d4_s128_full_bce_nfull_seed0,174,0,0.1621621698141098,0.6756756565185946,0.0963144227862358,1,0.753476619720459,0.8866544365882874,0.3533485395156631,-0.2977134722030869,0.34893798828125
cnn_deep_reg_soft_d4_s128_full_bce_nfull_seed0,235250,0,0.1489361673593521,0.7021276622727319,0.1030995845794677,1,0.5269435048103333,0.9387096166610718,0.6586385079471364,-0.0105509451778635,0.330810546875
cnn_deep_reg_soft_d4_s128_full_bce_nfull_seed0,55448,0,0.1056410297751426,0.7887179439527122,0.1359049379825592,1,0.7325811982154846,0.982204794883728,0.166896396535225,-0.4306988183085249,0.40240478515625
cnn_deep_reg_soft_d4_s128_full_bce_nfull_seed0,184449,0,0.1360000073909759,0.7279999933242801,0.1320567727088928,1,0.5697726011276245,0.9742833375930786,0.3289801810198199,-0.1951287056989301,0.47589111328125
cnn_deep_reg_soft_d4_s128_full_bce_nfull_seed0,85233,0,0.1361310184001922,0.7277379660195258,0.0834367647767067,1,0.8152426481246948,0.9915598034858704,0.4343761938821529,-0.1192126733053471,0.4464111328125
cnn_deep_reg_soft_d4_s128_full_bce_nfull_seed0,101098,0,0.125,0.7499999904577603,0.1565800607204437,1,0.9744359850883484,0.9797364473342896,0.1215816551271293,-0.5701297706541206,0.30828857421875
cnn_deep_reg_soft_d4_s128_full_bce_nfull_seed0,185543,0,0.1666666716337204,0.6666666556287697,0.144726812839508,1,0.6062141060829163,0.9034560918807985,0.5019978058129354,-0.0686809051245646,0.4293212890625
cnn_deep_reg_soft_d4_s128_full_bce_nfull_seed0,11610,0,0.1188524514436721,0.7622950914781667,0.0857922881841659,1,0.5714026689529419,0.8233616352081299,0.4985224471772492,-0.1424077286040007,0.35906982421875
cnn_deep_reg_soft_d4_s128_full_bce_nfull_seed0,28843,0,0.1219262331724166,0.7561475343822541,0.0685701593756675,1,0.5411587357521057,0.9720271229743958,0.5643281747417203,-0.0376005361957797,0.3980712890625
cnn_deep_reg_soft_d4_s128_full_bce_nfull_seed0,59518,0,0.2000000029802322,0.6000000000000001,0.147805780172348,1,0.8108664751052856,0.8213577270507812,0.2948324166224251,-0.3285806693150749,0.3765869140625
cnn_deep_reg_soft_d4_s128_full_bce_nfull_seed0,18308,1,0.8181818127632141,0.6363636420257097,0.6715441942214966,1,0.6834059953689575,0.5337617993354797,,,0.6103515625
cnn_deep_reg_soft_d4_s128_full_bce_nfull_seed0,145588,0,0.1940000057220459,0.6119999885559082,0.1012797802686691,1,0.7652225494384766,0.99432373046875,0.1546567075239165,-0.3402773745073335,0.50506591796875
cnn_deep_reg_soft_d4_s128_full_bce_nfull_seed0,213323,1,0.8640000224113464,0.72799999332428,0.8271344304084778,1,0.6582926511764526,0.5552626252174377,,,0.4891357421875
cnn_deep_reg_soft_d4_s128_full_bce_nfull_seed0,50931,0,0.1538461595773697,0.6923076782000841,0.1703256517648697,1,0.364797979593277,0.9888299107551576,0.6439005593462599,0.2612711648150099,0.61737060546875
cnn_deep_reg_soft_d4_s128_full_bce_nfull_seed0,82671,1,0.867617130279541,0.7352342237975977,0.8682705163955688,1,0.6500053405761719,0.4894047677516937,0.9949593175987614,0.2704109777550114,0.27545166015625
cnn_deep_reg_soft_d4_s128_full_bce_nfull_seed0,64878,0,0.1299999952316284,0.7400000095367432,0.1039920151233673,1,0.5108036994934082,0.9698166847229004,0.4487786126865089,-0.100293652938491,0.450927734375
cnn_deep_reg_soft_d4_s128_full_bce_nfull_seed0,153756,0,0.1798107326030731,0.6403785314969505,0.2839965522289276,1,1.0719550848007202,0.8310697674751282,0.0421346296510831,-0.5496622453489168,0.408203125
cnn_deep_reg_soft_d4_s128_full_bce_nfull_seed0,14050,0,0.191836729645729,0.6163265395492181,0.0753246843814849,1,0.6358815431594849,0.9838412404060364,0.5561899803241803,-0.2264027931133196,0.2174072265625
cnn_deep_reg_soft_d4_s128_full_bce_nfull_seed0,139676,1,0.8799999952316284,0.7600000035762788,0.9048317074775696,1,0.5973348021507263,0.5660670399665833,,,0.52740478515625
cnn_deep_reg_soft_d4_s128_full_bce_nfull_seed0,105345,0,0.1953896880149841,0.6092206228018129,0.2352723181247711,1,0.8282807469367981,1.0673818588256836,0.0,-0.66729736328125,0.33270263671875
cnn_deep_reg_soft_d4_s128_full_bce_nfull_seed0,5981,0,0.1669999957084655,0.666000008583069,0.16481813788414,1,0.4446721374988556,0.7796369194984436,0.4278466517484939,-0.044931668564006,0.5272216796875
cnn_deep_reg_soft_d4_s128_full_bce_nfull_seed0,206292,0,0.1165644153952598,0.7668711708787498,0.0838884189724922,1,0.8593132495880127,0.9922157526016236,0.2542059872765192,-0.2282158877234807,0.517578125
cnn_deep_reg_soft_d4_s128_full_bce_nfull_seed0,101408,0,0.1751527488231659,0.6496944920559133,0.2645404934883117,1,0.7168354988098145,0.9451082944869996,0.2726627052542922,-0.1603817283394577,0.56695556640625
cnn_deep_reg_soft_d4_s128_full_bce_nfull_seed0,136131,0,0.1131078228354454,0.7737843505341017,0.0879012271761894,1,0.6975632905960083,0.9813457727432252,0.4303021104750584,-0.1586871473374416,0.4110107421875
cnn_deep_reg_soft_d4_s128_full_bce_nfull_seed0,59018,0,0.1134969368577003,0.7730061286130518,0.0801198184490203,1,0.5891347527503967,0.8610981702804565,0.3821258207796965,-0.0933990815640534,0.52447509765625
cnn_deep_reg_soft_d4_s128_full_bce_nfull_seed0,172053,0,0.1794871687889099,0.6410256504307132,0.1090079694986343,1,0.6935498118400574,0.9809914827346802,0.3650702988782713,-0.1997490370592286,0.4351806640625
cnn_deep_reg_soft_d4_s128_full_bce_nfull_seed0,106236,0,0.1534988731145858,0.6930022432133874,0.2038368731737136,1,0.7987483739852905,0.9890027046203612,0.152256150871578,-0.3193014663159219,0.5284423828125
cnn_deep_reg_soft_d4_s128_full_bce_nfull_seed0,18508,0,0.1329243332147598,0.7341513349764632,0.0810045525431633,1,0.8469076752662659,0.9451900720596312,0.5449601620833842,-0.1421736269791158,0.3128662109375
cnn_deep_reg_soft_d4_s128_full_bce_nfull_seed0,164842,0,0.1575898081064224,0.6848203788486393,0.100091204047203,1,0.8341758251190186,1.002987265586853,0.1077270771153876,-0.4931030010096123,0.399169921875
cnn_deep_reg_soft_d4_s128_full_bce_nfull_seed0,132828,0,0.1450777202844619,0.7098445549450061,0.1018347442150116,1,0.855749249458313,0.9739981889724731,0.4741997128413717,-0.1758857363773783,0.34991455078125
cnn_deep_reg_soft_d4_s128_full_bce_nfull_seed0,211406,1,0.8388429880142212,0.6776859370549999,0.8199498057365417,1,0.5891741514205933,0.5475329756736755,,,0.4500732421875
cnn_deep_reg_soft_d4_s128_full_bce_nfull_seed0,22292,0,0.1280000060796737,0.743999984025955,0.0906889215111732,1,0.8782790303230286,0.9855886101722716,0.3479616793104023,-0.4199826566270977,0.2320556640625
cnn_deep_reg_soft_d4_s128_full_bce_nfull_seed0,170569,0,0.1162303686141967,0.7675392599574555,0.062163446098566,1,0.490223616361618,1.0052751302719116,0.3934819051420398,-0.0467646768892101,0.55975341796875
cnn_deep_reg_soft_d4_s128_full_bce_nfull_seed0,165013,0,0.0395421423017978,0.9209157134365068,0.0577182807028293,1,0.5405107736587524,0.9856545329093932,0.5495688464222965,0.0126425768910465,0.46307373046875
cnn_deep_reg_soft_d4_s128_full_bce_nfull_seed0,197387,1,0.9126730561256408,0.8253461072414201,0.9217135310173036,1,0.6675663590431213,0.4851994216442108,0.4791660527695106,-0.0186366816054893,0.502197265625
cnn_deep_reg_soft_d4_s128_full_bce_nfull_seed0,168026,0,0.0753655806183815,0.8492688424506816,0.1115568131208419,1,0.4886970520019531,0.9525989294052124,0.4768991667787721,-0.0672902863462278,0.455810546875
cnn_deep_reg_soft_d4_s128_full_bce_nfull_seed0,3922,0,0.0717344805598259,0.8565310434428206,0.0627831295132637,1,0.780162513256073,0.9798871874809264,0.5281296176099887,-0.2422561245775113,0.2296142578125
cnn_deep_reg_soft_d4_s128_full_bce_nfull_seed0,38177,0,0.0789473727345466,0.8421052573790512,0.0912144929170608,1,0.7529557347297668,0.993004024028778,0.3339489666218713,-0.2283068927531287,0.437744140625
cnn_deep_reg_soft_d4_s128_full_bce_nfull_seed0,38830,0,0.046994537115097,0.906010923764652,0.1655157506465912,1,0.9111239314079284,0.9467785954475404,0.1843952746057183,-0.3073649793005317,0.50823974609375
cnn_deep_reg_soft_d4_s128_full_bce_nfull_seed0,221506,0,0.0437956191599369,0.912408759861303,0.1241676285862922,1,0.6784077882766724,0.9031522870063782,0.6700078982720985,0.0183965701470985,0.348388671875
cnn_deep_reg_soft_d4_s128_full_bce_nfull_seed0,166883,0,0.0930962339043617,0.8138075252829144,0.0556039214134216,1,0.7144216299057007,0.9814595580101012,0.6061451205049211,-0.0609691373075789,0.3328857421875
cnn_deep_reg_soft_d4_s128_full_bce_nfull_seed0,95033,0,0.0964912250638008,0.8070175450062451,0.1491825729608535,1,0.7026674151420593,0.9746867418289183,0.6134443072457282,0.0713910845894781,0.45794677734375
cnn_deep_reg_soft_d4_s128_full_bce_nfull_seed0,182714,0,0.0680000036954879,0.8639999905824661,0.0630546882748603,1,0.5664097666740417,0.9851279258728028,0.5860947480930015,0.0320786348117515,0.44598388671875
cnn_deep_reg_soft_d4_s128_full_bce_nfull_seed0,24536,0,0.0529999993741512,0.8940000040158629,0.0875674784183502,1,0.5497711896896362,0.8373135924339294,0.7073754393399452,-0.0652686036288048,0.22735595703125
cnn_deep_reg_soft_d4_s128_full_bce_nfull_seed0,176500,0,0.0241492856293916,0.9517014271828422,0.0702598392963409,1,0.8691822290420532,0.9949963688850404,0.2390226640317767,-0.3827424726869732,0.37823486328125
cnn_deep_reg_soft_d4_s128_full_bce_nfull_seed0,188245,0,0.0575539581477642,0.8848920872307173,0.0550446584820747,1,0.3751069903373718,0.929602324962616,0.8372765313652022,0.2001305352714522,0.36285400390625
cnn_deep_reg_soft_d4_s128_full_bce_nfull_seed0,169272,1,0.9791449308395386,0.9582898866662988,0.9832700490951538,1,0.6823803782463074,0.5328672528266907,0.9968400691086308,0.3945451472336309,0.397705078125
cnn_deep_reg_soft_d4_s128_full_bce_nfull_seed0,136667,1,1.0,1.0,0.9885745644569396,1,0.6546961069107056,0.6726619601249695,1.0,0.47808837890625,0.47808837890625
cnn_deep_reg_soft_d4_s128_full_bce_nfull_seed0,70899,0,0.028541225939989,0.9429175479142168,0.1420459598302841,1,0.846377968788147,0.9806414842605592,0.1212053089796357,-0.5478010386766142,0.33099365234375
cnn_deep_reg_soft_d4_s128_full_bce_nfull_seed0,22603,0,0.0,1.0,0.077079489827156,1,0.6585018634796143,0.9877367615699768,0.2992253180444169,-0.420562279611833,0.28021240234375
cnn_deep_reg_soft_d4_s128_full_bce_nfull_seed0,201296,0,0.0935175344347953,0.8129649289051495,0.1048374846577644,1,0.6221224069595337,0.9977948069572448,0.2626127629501225,-0.1140962214248775,0.623291015625
cnn_deep_reg_soft_d4_s128_full_bce_nfull_seed0,202700,0,0.0542635656893253,0.8914728675774481,0.0982599332928657,1,0.7215502858161926,0.9530795216560364,0.4036538293370882,-0.1664145300379118,0.429931640625
cnn_deep_reg_soft_d4_s128_full_bce_nfull_seed0,179523,0,0.0523613952100276,0.8952772068895629,0.0928476378321647,1,0.8906880617141724,0.9690672755241394,0.4472629221319203,-0.1561916677118296,0.39654541015625
cnn_deep_reg_soft_d4_s128_full_bce_nfull_seed0,8529,0,0.0230000000447034,0.9539999998249116,0.0835718065500259,1,0.6798794269561768,0.99677973985672,0.5811395261376457,-0.0936041262061042,0.32525634765625
cnn_deep_reg_soft_d4_s128_full_bce_nfull_seed0,46427,1,1.0,1.0,0.9348233342170716,1,0.7196081876754761,0.4162852466106415,0.6611567571130547,0.1978388860193046,0.53668212890625
cnn_deep_reg_soft_d4_s128_full_bce_nfull_seed0,116850,1,0.937300741672516,0.8746014909426836,0.8369640111923218,1,0.6445431113243103,0.5322308540344238,,,0.40228271484375
cnn_deep_reg_soft_d4_s128_full_bce_nfull_seed0,172004,0,0.0649627223610878,0.8700745489287491,0.103994607925415,1,0.8071528673171997,0.9804198145866394,0.3573365433204951,-0.3246702926170049,0.3179931640625
cnn_deep_reg_soft_d4_s128_full_bce_nfull_seed0,20384,0,0.0,1.0,0.0925753414630889,1,0.5756546854972839,0.9986802339553832,0.3998966720872957,-0.1939753982252042,0.4061279296875
cnn_deep_reg_soft_d4_s128_full_bce_nfull_seed0,223070,1,0.9508700370788574,0.9017400216728768,0.8128901124000549,1,0.7747038006782532,0.3838382959365845,0.954626060930215,0.2697505726489649,0.31512451171875
cnn_deep_reg_soft_d4_s128_full_bce_nfull_seed0,2805,0,0.0997899174690246,0.8004201689221944,0.1055483818054199,1,0.61729896068573,0.9781910181045532,0.2676770785011862,-0.3177721402488137,0.41455078125
cnn_deep_reg_soft_d4_s128_full_bce_nfull_seed0,165459,0,0.0639913231134414,0.8720173494773791,0.0811273008584976,1,0.7284026145935059,0.980064570903778,0.204191270063681,-0.2461261127488189,0.5496826171875
cnn_deep_reg_soft_d4_s128_full_bce_nfull_seed0,166817,0,0.0716479048132896,0.8567041967229022,0.0937577933073043,1,0.7960045337677002,0.9921204447746276,0.2495465767955748,-0.3573870169544252,0.39306640625
cnn_deep_reg_soft_d4_s128_full_bce_nfull_seed0,73907,0,0.0570824518799781,0.8858350947044973,0.0740687549114227,1,0.7913728356361389,0.9918473362922668,0.4546199898914713,-0.1282047171397787,0.41717529296875
cnn_deep_reg_soft_d4_s128_full_bce_nfull_seed0,60468,0,0.0813008099794387,0.8373983749686802,0.0517398789525032,1,0.6611084938049316,0.9761662483215332,0.6801127285451104,0.0184916347951104,0.33837890625
cnn_deep_reg_soft_d4_s128_full_bce_nfull_seed0,12418,0,0.0366598777472972,0.9266802459444295,0.0789316594600677,1,0.766498863697052,0.979260504245758,0.5327801699919456,-0.1159625057893044,0.35125732421875
cnn_deep_reg_soft_d4_s128_full_bce_nfull_seed0,28858,0,0.0544835403561592,0.8910329167748418,0.1177117228507995,1,0.8684685826301575,0.9399476051330566,0.2632771000944724,-0.3415202631867775,0.39520263671875
cnn_deep_reg_soft_d4_s128_full_bce_nfull_seed0,59788,0,0.0856236815452575,0.8287526439716,0.1127531379461288,1,0.7275328040122986,0.9865140318870544,0.3740013298300705,-0.2146827522011795,0.41131591796875
cnn_deep_reg_soft_d4_s128_full_bce_nfull_seed0,124468,1,1.0,1.0,0.9327272772789,1,0.6293430328369141,0.5618219375610352,,,0.39801025390625
cnn_deep_reg_soft_d4_s128_full_bce_nfull_seed0,189723,1,0.9760000109672546,0.9520000001192092,0.9268298149108888,1,0.6092020869255066,0.5407465100288391,,,0.4095458984375
cnn_deep_reg_soft_d4_s128_full_bce_nfull_seed0,2663,1,0.977999985218048,0.9559999995827676,0.959542453289032,1,0.6714655756950378,0.4816466867923736,0.71623511345034,0.2432736876690899,0.52703857421875
cnn_deep_reg_soft_d4_s128_full_bce_nfull_seed0,146080,0,0.0997899174690246,0.8004201689221944,0.1962202489376068,1,0.576705813407898,0.8509209752082825,0.201381721439738,-0.2221412277790119,0.57647705078125
cnn_deep_reg_soft_d4_s128_full_bce_nfull_seed0,129533,0,0.0,1.0,0.053470104932785,1,0.597902238368988,0.9612653851509094,0.5542520027571544,-0.0307089347428456,0.4150390625
cnn_deep_reg_soft_d4_s128_full_bce_nfull_seed0,83892,0,0.0764525979757309,0.8470947984361286,0.0645949691534042,1,0.7342055439949036,0.9835811853408812,0.2735396811971287,-0.2553299477091212,0.47113037109375
